country,continent,life_expectancy,education_index,income_index,gni_per_capita,hdi
Upperlandia0,Asia,65.39,0.457,0.481,14286.22,0.616
Eastvale1,Asia,59.41,0.313,0.166,5175.41,0.476
Westport2,Asia,67.73,0.45,0.504,19009.75,0.637
Lowermark3,Europe,86.07,0.889,0.791,65840.94,0.948
Centralgrad4,Asia,56.61,0.33,0.324,10390.14,0.489
Northistan5,North America,83.19,0.794,0.736,42835.81,0.898
Greaterpolis6,Asia,60.33,0.438,0.412,14153.11,0.59
Oldovia7,South America,75.62,0.615,0.548,34005.38,0.786
Centralport8,Asia,70.41,0.629,0.671,29387.55,0.764
Westford9,Asia,69.89,0.585,0.43,26035.89,0.726
Greateristan10,Africa,58.57,0.381,0.337,7897.28,0.536
Northwick11,South America,74.57,0.699,0.673,40030.77,0.839
Greaterdale12,Africa,59.26,0.367,0.246,8429.92,0.528
Southvale13,Africa,71.89,0.529,0.517,27173.62,0.696
Upperdale14,Asia,84.16,0.805,0.732,53976.96,0.905
Eastdale15,Oceania,79.57,0.782,0.784,55454.39,0.882
Oldlandia16,Asia,71.44,0.625,0.683,34528.6,0.734
Centraldale17,Europe,76.91,0.777,0.671,35172.59,0.839
Eastdale18,Asia,68.05,0.461,0.576,25783.76,0.65
Lowerovia19,South America,79.72,0.728,0.73,40745.54,0.835
Newovia20,Europe,80.76,0.825,0.75,60155.24,0.919
Southlandia21,Europe,75.43,0.612,0.598,38570.88,0.775
Northvale22,Asia,63.03,0.362,0.447,13622.18,0.561
Eastberg23,South America,74.79,0.609,0.645,34079.37,0.764
Southton24,Asia,72.04,0.546,0.568,27621.42,0.707
Oldford25,North America,78.05,0.699,0.775,44871.93,0.827
Greaterton26,Africa,60.78,0.286,0.465,7783.27,0.503
Upperistan27,Africa,64.24,0.377,0.289,9543.44,0.568
Northwick28,Africa,62.5,0.54,0.448,9958.76,0.628
Centralgrad29,Asia,70.46,0.465,0.438,19314.95,0.644
Lowerhaven30,South America,80.54,0.638,0.757,33079.74,0.807
Greatermark31,Africa,60.98,0.368,0.44,17915.43,0.562
Newstan32,South America,73.24,0.768,0.582,31699.76,0.833
Eastshire33,Africa,67.48,0.406,0.552,18451.89,0.637
Greaterstan34,South America,75.5,0.672,0.672,40293.9,0.799
Centralburg35,Africa,73.63,0.676,0.605,33039.43,0.783
Oldonia36,Africa,69.19,0.512,0.493,24081.62,0.679
Centralford37,Africa,71.81,0.527,0.448,23831.58,0.735
Eastvale38,South America,74.87,0.688,0.683,34631.65,0.821
Newhaven39,Asia,78.02,0.733,0.703,38695.09,0.829
Northria40,Asia,74.75,0.64,0.626,37520.0,0.779
Newford41,Africa,62.23,0.406,0.411,14474.37,0.578
Newovia42,North America,73.61,0.675,0.713,36337.95,0.79
Eastford43,Africa,66.39,0.635,0.607,29077.54,0.737
Upperfield44,Africa,54.98,0.368,0.295,14223.75,0.526
Upperovia45,Asia,72.72,0.738,0.616,29620.43,0.82
Southonia46,South America,82.58,0.854,0.813,57408.17,0.919
Southmark47,Oceania,65.67,0.476,0.482,17849.19,0.654
Northford48,South America,72.48,0.652,0.538,32884.83,0.772
Greatermark49,Africa,70.4,0.483,0.454,21372.55,0.678
Oldstan50,Asia,64.85,0.443,0.404,19628.99,0.622
Lowervale51,Asia,70.0,0.685,0.583,32109.28,0.772
Lowerstan52,Asia,71.37,0.574,0.595,20840.61,0.722
Oldport53,Asia,65.09,0.417,0.345,11773.02,0.571
Southria54,Asia,75.97,0.681,0.694,35861.68,0.788
Oldovia55,Asia,72.26,0.692,0.657,35533.95,0.795
Greaterria56,South America,75.96,0.631,0.693,37174.39,0.796
Centralport57,Africa,56.19,0.267,0.113,5651.48,0.45
Lowerhaven58,Europe,82.18,0.839,0.865,58658.66,0.905
Southria59,Europe,70.8,0.75,0.611,39404.23,0.819
Greatervale60,Asia,63.85,0.468,0.45,15539.12,0.616
Lowerstan61,Africa,56.86,0.455,0.289,18587.27,0.582
Oldford62,Asia,82.62,0.663,0.632,43383.92,0.845
Westport63,Asia,63.94,0.559,0.471,20298.49,0.681
Eastford64,North America,72.78,0.685,0.636,39237.35,0.811
Greaterhaven65,North America,72.41,0.691,0.477,34864.77,0.787
Greateronia66,Africa,58.83,0.437,0.185,6999.74,0.547
Newovia67,Africa,62.77,0.414,0.386,8681.03,0.593
Centralonia68,Asia,71.28,0.614,0.653,27140.28,0.744
Greaterberg69,Africa,61.5,0.418,0.433,6849.28,0.558
Centralton70,North America,64.97,0.415,0.461,20613.65,0.63
Westport71,South America,72.21,0.752,0.748,39340.08,0.828
Weststan72,South America,82.08,0.882,0.857,54046.31,0.932
Southwick73,North America,78.08,0.766,0.638,37587.23,0.844
Oldport74,Europe,71.92,0.54,0.531,28194.5,0.725
Westonia75,Africa,68.27,0.558,0.431,18831.46,0.692
Oldpolis76,South America,70.75,0.65,0.607,28450.44,0.752
Centralpolis77,South America,68.26,0.536,0.571,18318.75,0.694
Northshire78,Africa,69.59,0.471,0.399,14606.77,0.619
Greaterberg79,Africa,63.72,0.346,0.401,11472.69,0.559
Oldwick80,Europe,75.32,0.877,0.713,43971.49,0.882
Eastport81,Asia,80.14,0.882,0.76,49450.97,0.921
Newistan82,Asia,69.46,0.475,0.373,11857.93,0.632
Centralovia83,North America,79.61,0.87,0.765,49444.83,0.918
Oldhaven84,Africa,64.07,0.464,0.352,14554.64,0.616
Eastburg85,Europe,68.65,0.598,0.512,28853.75,0.731
Newvale86,Europe,82.75,0.764,0.863,53967.32,0.899
Oldhaven87,North America,82.06,0.924,0.808,59147.38,0.95
Centralshire88,Asia,66.52,0.648,0.538,23070.34,0.741
Southton89,Asia,78.64,0.702,0.738,38024.3,0.842
Centralistan90,Asia,79.28,0.732,0.681,44993.71,0.859
Northwick91,Asia,71.43,0.512,0.592,23475.81,0.693
Newport92,Africa,65.78,0.413,0.407,14377.49,0.604
Northford93,Oceania,71.35,0.674,0.521,34925.65,0.775
Oldmark94,Africa,67.23,0.309,0.273,15415.08,0.548
Northonia95,Asia,73.68,0.693,0.763,38344.56,0.814
Upperistan96,Europe,78.74,0.651,0.686,43570.96,0.816
Northhaven97,Africa,65.4,0.424,0.403,16723.25,0.607
Newport98,Asia,67.24,0.532,0.464,24649.97,0.676
Southovia99,North America,87.37,0.938,0.985,70253.34,0.974
Centralfield100,South America,77.27,0.788,0.648,40256.24,0.832
Southburg101,South America,60.69,0.411,0.478,15755.13,0.573
Loweristan102,Europe,73.01,0.585,0.513,26577.21,0.746
Upperwick103,South America,75.0,0.584,0.63,32721.52,0.761
Upperport104,Asia,65.66,0.466,0.438,18088.08,0.648
Northovia105,Africa,77.68,0.628,0.686,35319.36,0.822
Centralovia106,North America,72.45,0.778,0.682,32247.94,0.82
Lowergrad107,Africa,60.78,0.384,0.328,8207.42,0.553
Oldford108,Europe,78.09,0.83,0.745,52860.68,0.897
Centralmark109,Africa,65.87,0.502,0.456,17561.69,0.658
Southburg110,Africa,60.71,0.374,0.299,9099.93,0.541
Oldford111,Asia,68.27,0.51,0.339,17482.22,0.657
Upperburg112,North America,78.1,0.798,0.734,49675.36,0.86
Eastdale113,Africa,64.86,0.472,0.569,17158.64,0.652
Westton114,North America,72.01,0.763,0.753,37135.7,0.813
Westshire115,Africa,67.26,0.411,0.467,16514.76,0.619
Eastlandia116,Africa,66.93,0.594,0.411,16202.85,0.684
Oldhaven117,Asia,77.1,0.695,0.624,37347.87,0.835
Westburg118,Africa,65.89,0.639,0.565,33733.5,0.75
Northgrad119,Asia,66.15,0.438,0.547,16613.61,0.641
Centralton120,Asia,69.52,0.524,0.483,19489.47,0.691
Southlandia121,Africa,62.39,0.317,0.365,15294.36,0.533
Southport122,Asia,67.25,0.492,0.496,27764.25,0.679
Southdale123,Africa,73.26,0.59,0.517,28973.55,0.749
Greaterhaven124,Asia,73.15,0.573,0.631,27871.08,0.758
Southwick125,Africa,57.38,0.341,0.361,15361.47,0.529
Greaterdale126,Africa,59.63,0.274,0.296,10158.41,0.487
Greaterstan127,Europe,85.76,0.99,0.853,66858.77,0.995
Oldport128,Asia,60.54,0.424,0.374,13259.86,0.568
Upperonia129,Africa,64.97,0.456,0.43,11879.45,0.587
Newria130,Africa,59.05,0.406,0.21,13251.98,0.574
Greaterovia131,Europe,70.97,0.765,0.736,32782.65,0.801
Northdale132,Asia,62.34,0.458,0.502,25566.48,0.617
Lowervale133,Asia,64.97,0.458,0.374,10732.83,0.625
Upperlandia134,Asia,67.45,0.541,0.477,21002.63,0.678
Westford135,Asia,75.68,0.724,0.465,41003.89,0.825
Loweronia136,Africa,64.52,0.415,0.386,13359.89,0.599
Northvale137,Oceania,75.41,0.754,0.729,45382.02,0.842
Southberg138,Africa,67.37,0.523,0.531,15104.96,0.671
Lowerhaven139,Europe,82.49,0.857,0.794,60027.95,0.919
Loweristan140,South America,77.76,0.731,0.755,43186.71,0.851
Northton141,Africa,54.77,0.382,0.236,5120.11,0.474
Uppergrad142,Asia,69.83,0.597,0.482,26128.93,0.744
Westport143,Asia,67.86,0.46,0.399,24942.67,0.638
Upperport144,Asia,79.2,0.764,0.825,44057.0,0.874
Eastgrad145,Africa,64.33,0.404,0.328,11106.48,0.571
Greateristan146,Asia,79.77,0.712,0.608,42942.78,0.842
Newlandia147,Asia,67.97,0.422,0.501,19953.66,0.635
Oldmark148,Asia,65.32,0.583,0.457,18061.97,0.695
Greaterberg149,South America,65.56,0.468,0.531,19480.31,0.652
Upperton150,North America,73.71,0.691,0.64,39739.9,0.813
Centralstan151,Africa,56.69,0.334,0.219,9611.16,0.493
Westria152,Africa,74.64,0.525,0.467,32742.84,0.723
Westford153,Asia,67.78,0.498,0.438,20400.09,0.653
Eastria154,Asia,67.49,0.613,0.615,23127.32,0.721
Greaterburg155,Africa,53.02,0.256,0.25,7775.98,0.423
Northfield156,Oceania,82.74,0.798,0.7,55075.71,0.899
Lowerberg157,Europe,73.23,0.722,0.727,40688.18,0.825
Centralstan158,North America,81.77,0.713,0.736,45378.14,0.844
Eastshire159,South America,65.58,0.382,0.285,16261.26,0.615
Oldmark160,Asia,63.2,0.217,0.326,15088.51,0.485
Southovia161,South America,77.92,0.685,0.659,36717.8,0.813
Lowerhaven162,Asia,70.88,0.565,0.557,32374.17,0.725
Westberg163,Africa,51.46,0.124,0.075,3344.39,0.317
Centralstan164,Africa,63.57,0.367,0.317,11720.19,0.565
Newfield165,Asia,76.89,0.614,0.505,30858.58,0.783
Westria166,Europe,88.0,0.894,0.837,66245.93,0.952
Loweronia167,Asia,62.75,0.356,0.284,15158.82,0.57
Upperberg168,Africa,54.52,0.334,0.366,6954.33,0.486
Upperburg169,Europe,77.74,0.806,0.646,41540.58,0.867
Greaterford170,South America,74.16,0.752,0.763,41007.19,0.839
Oldshire171,Africa,63.54,0.451,0.414,16744.89,0.617
Uppervale172,Asia,60.01,0.48,0.422,19571.31,0.616
Westshire173,Asia,69.27,0.556,0.488,21438.47,0.712
Northgrad174,Oceania,64.53,0.605,0.525,22992.09,0.691
Centralberg175,North America,74.35,0.563,0.533,29814.8,0.745
Southshire176,Asia,67.16,0.56,0.471,25071.31,0.706
Southdale177,Africa,62.79,0.442,0.383,11052.64,0.601
Newistan178,Africa,62.09,0.418,0.43,15202.85,0.584
Newvale179,North America,77.62,0.71,0.78,42153.63,0.839
Upperport180,Africa,67.57,0.57,0.423,23103.39,0.703
Northovia181,Africa,65.17,0.405,0.347,18269.31,0.6
Greaterfield182,Africa,74.59,0.65,0.655,30120.38,0.783
Centralmark183,North America,81.33,0.76,0.723,51292.94,0.886
Greatervale184,Europe,84.59,0.779,0.874,57821.11,0.932
Westmark185,Europe,69.37,0.591,0.532,27670.71,0.704
Westton186,South America,68.64,0.536,0.383,19285.9,0.678
Oldstan187,Asia,80.62,0.829,0.738,57615.08,0.924
Greaterria188,Asia,68.82,0.59,0.422,23844.29,0.707
Westton189,Africa,67.58,0.392,0.396,13104.22,0.603
Lowerport190,Asia,72.6,0.685,0.496,26775.97,0.779
Northford191,North America,78.96,0.815,0.852,56716.17,0.88
Westria192,Europe,73.25,0.642,0.507,41608.64,0.782
Centralburg193,Europe,80.31,0.767,0.728,50775.53,0.873
Lowervale194,Africa,66.64,0.525,0.515,25068.08,0.678
Southshire195,Africa,74.29,0.482,0.453,23331.92,0.693
Greaterberg196,Oceania,78.18,0.74,0.67,45769.14,0.84
Centralistan197,Africa,61.2,0.269,0.25,7530.7,0.497
Northton198,Europe,81.42,0.797,0.695,56463.92,0.899
Greaterstan199,Europe,81.13,0.787,0.784,52658.63,0.895
Eastwick200,South America,81.14,0.879,0.747,53450.13,0.914
Oldgrad201,North America,72.51,0.643,0.575,35350.57,0.789
Loweristan202,South America,68.18,0.657,0.576,29168.98,0.779
Westonia203,Europe,80.16,0.736,0.606,44175.81,0.849
Southistan204,Europe,80.39,0.731,0.741,42819.22,0.845
Oldonia205,Europe,82.74,0.87,0.746,57997.15,0.932
Upperford206,Europe,79.03,0.673,0.747,40264.64,0.824
Eastpolis207,Asia,66.76,0.442,0.464,16450.7,0.613
Upperstan208,North America,87.04,0.916,0.765,67314.5,0.979
Eastdale209,North America,80.72,0.726,0.691,44616.38,0.85
Eastlandia210,South America,71.13,0.5,0.648,28487.05,0.7
Northgrad211,Africa,60.93,0.27,0.29,7870.93,0.48
Centralhaven212,Africa,61.28,0.385,0.407,11544.41,0.558
Lowerhaven213,North America,77.51,0.732,0.725,39575.21,0.825
Newfield214,South America,64.73,0.372,0.372,13635.63,0.577
Centralwick215,Europe,84.93,0.877,0.838,65008.28,0.959
Upperovia216,South America,73.66,0.639,0.654,32149.81,0.769
Northfield217,Africa,71.02,0.484,0.523,21462.58,0.698
Oldlandia218,Africa,67.16,0.389,0.427,17647.53,0.609
Westgrad219,Africa,61.89,0.365,0.402,10058.52,0.538
Eastvale220,South America,80.1,0.879,0.833,50389.79,0.909
Northvale221,Oceania,83.38,0.948,0.796,54135.32,0.956
Eastfield222,Europe,79.22,0.632,0.625,50657.13,0.81
Greatershire223,Africa,60.67,0.421,0.369,16103.03,0.601
Newpolis224,Africa,66.63,0.565,0.46,24233.58,0.696
Eastvale225,Africa,62.7,0.432,0.368,11618.78,0.577
Newford226,South America,69.69,0.451,0.546,22493.31,0.66
Olddale227,North America,78.87,0.864,0.856,54974.34,0.899
Eastshire228,South America,62.88,0.429,0.522,19890.8,0.623
Eastfield229,Asia,64.47,0.463,0.352,16037.51,0.641
Upperton230,Oceania,79.51,0.606,0.784,41220.55,0.789
Newpolis231,Africa,70.28,0.571,0.51,25832.4,0.729
Greaterburg232,Asia,72.44,0.566,0.541,18543.97,0.705
Greaterberg233,Asia,84.96,0.752,0.629,41363.84,0.885
Southfield234,Europe,76.08,0.631,0.629,42554.26,0.809
Eastshire235,Africa,64.47,0.384,0.428,13291.48,0.579
Uppermark236,Africa,62.93,0.407,0.437,9805.75,0.562
Lowerburg237,South America,76.24,0.784,0.709,41051.38,0.856
Southford238,Oceania,81.65,0.905,0.841,66644.85,0.955
Eastford239,Africa,61.87,0.309,0.432,10750.47,0.523
Uppergrad240,Europe,65.97,0.546,0.582,16090.46,0.672
Uppershire241,Africa,73.47,0.742,0.719,44429.19,0.826
Westria242,Asia,70.03,0.562,0.555,25079.32,0.712
Centralwick243,Asia,60.79,0.437,0.34,13818.41,0.565
Oldwick244,Asia,75.38,,0.758,42086.53,0.825
Southpolis245,Asia,76.64,0.675,0.7,38980.58,0.822
Oldgrad246,Africa,69.99,0.572,0.539,21192.64,0.713
Westria247,North America,85.52,0.894,0.895,60026.04,0.944
Northstan248,Asia,82.79,0.897,0.808,52425.09,0.944
Newovia249,North America,77.06,0.713,0.64,38276.92,0.818
Centralford250,North America,78.73,0.709,0.723,37230.08,0.829
Westdale251,Europe,82.89,0.78,0.893,72229.28,0.921
Newgrad252,Europe,81.07,0.895,0.855,61994.1,0.962
Lowerria253,Africa,54.59,0.235,0.15,2637.49,0.396
Centralstan254,South America,74.78,0.56,0.497,22339.29,0.729
Upperton255,Asia,72.01,0.642,0.56,29392.27,0.76
Northvale256,Europe,66.81,0.572,0.53,22379.76,0.708
Newpolis257,Africa,66.3,0.464,0.343,17832.29,0.627
Southfield258,Asia,69.57,0.589,0.591,23276.21,0.731
Westberg259,Asia,73.75,0.672,0.617,31493.53,0.783
Northmark260,Europe,82.62,0.699,0.71,43239.72,0.849
Greaterovia261,Asia,70.12,0.619,0.561,30055.6,0.752
Greaterria262,Asia,68.1,0.655,0.625,35508.93,0.754
Greaterport263,North America,68.39,0.526,0.499,24340.43,0.698
Upperburg264,North America,74.54,0.706,0.757,35477.23,0.792
Lowerburg265,Asia,73.91,0.674,0.589,25533.05,0.784
Westgrad266,South America,75.51,0.651,0.79,,0.787
Greatermark267,South America,76.4,0.697,0.631,,0.809
Centralport268,Asia,74.9,0.695,0.576,38737.47,0.799
Southport269,Africa,72.3,0.554,0.572,20130.18,0.702
Eastria270,Asia,73.96,0.659,0.705,32305.47,0.768
Eastria271,Asia,73.38,0.623,0.608,29357.19,0.744
Northshire272,Europe,81.63,0.795,0.813,58128.72,0.897
Greatershire273,Europe,,0.805,0.857,52366.73,0.875
Eastvale274,Africa,62.6,0.441,0.356,9101.16,0.574
Westdale275,Europe,76.02,0.775,0.688,41137.51,0.86
Westlandia276,North America,70.87,0.494,0.548,17215.44,0.679
Oldwick277,Africa,61.59,0.409,0.448,15047.85,0.589
Newmark278,Asia,73.68,0.665,0.573,39451.98,0.786
Centralburg279,South America,66.94,0.441,0.397,17614.26,0.63
Northdale280,Africa,65.94,0.382,0.466,14021.06,0.6
Eastport281,Asia,67.28,0.612,0.553,30562.99,0.72
Upperfield282,Africa,67.21,0.5,0.633,25756.85,0.687
Greatermark283,North America,72.6,0.762,0.549,35774.18,0.82
Westport284,Africa,60.2,0.481,0.336,10098.64,0.589
Oldstan285,Europe,78.13,0.835,0.883,43943.83,0.88
Northstan286,Europe,82.31,0.754,0.733,44918.94,0.878
Newlandia287,North America,72.2,0.699,0.688,37230.64,0.812
Northhaven288,Asia,68.24,0.757,0.666,41038.55,0.796
Upperlandia289,North America,76.18,0.85,0.717,50556.06,0.903
Southwick290,Asia,64.85,0.461,0.442,18966.73,0.647
Northton291,Asia,67.99,0.548,0.524,22017.57,0.686
Upperlandia292,Africa,56.63,0.321,0.264,9439.75,0.497
Westistan293,Africa,71.4,0.613,0.591,33051.04,0.75
Greaterpolis294,Europe,74.31,0.717,0.715,40332.9,0.806
Centralton295,Oceania,72.67,0.657,0.578,37412.27,0.791
Greaterria296,Asia,61.03,0.395,0.291,10567.85,0.55
Southstan297,Oceania,71.2,0.555,0.536,31021.07,0.737
Southburg298,Europe,79.5,0.99,0.813,64417.81,0.985
Northford299,South America,73.17,0.705,0.632,28298.01,0.806
Lowerfield300,Asia,64.49,0.527,0.535,21547.05,0.668
Centralwick301,Europe,86.13,0.967,0.863,68380.22,0.987
Northhaven302,Asia,81.33,0.789,,44884.87,0.888
Eastburg303,Africa,71.74,0.703,0.649,31514.93,0.791
Easthaven304,South America,67.02,0.557,0.502,19232.31,0.701
Centralberg305,Asia,72.89,0.502,0.574,29300.34,0.702
Upperport306,North America,84.28,0.973,0.821,63689.58,0.959
Lowerburg307,Africa,63.28,0.345,0.343,10888.25,0.527
Upperberg308,Africa,66.32,0.538,0.501,26760.94,0.687
Oldmark309,South America,78.86,0.694,0.637,37002.01,0.817
Upperburg310,Asia,60.08,0.44,0.427,15293.39,0.588
Centralonia311,Europe,70.38,0.581,0.52,28959.56,0.738
Upperford312,Europe,80.73,0.779,0.852,47249.54,0.882
Southlandia313,Europe,72.3,0.833,0.686,44802.84,0.863
Newport314,Asia,76.67,0.805,0.82,43402.82,0.86
Northwick315,Asia,64.74,0.492,0.487,13588.41,0.645
Northistan316,Europe,84.87,0.9,0.818,73318.75,0.978
Upperlandia317,Africa,60.51,0.357,0.283,8241.81,0.515
Northfield318,Africa,74.33,0.799,0.748,42113.29,0.866
Eastshire319,Africa,60.26,0.436,0.55,10991.25,0.589
Westport320,Africa,68.99,0.566,0.542,27694.61,0.691
Eastovia321,Africa,61.37,0.418,0.31,5767.99,0.553
Southton322,Asia,66.59,0.469,0.34,22042.19,0.662
Newdale323,Asia,66.98,0.4,0.567,21611.1,0.644
Greaterton324,Africa,73.13,0.514,0.553,24336.72,0.703
Greaterford325,Africa,62.52,0.31,0.293,10714.34,0.526
Northstan326,Europe,81.76,0.95,0.808,70084.42,0.972
Eastria327,Africa,49.55,0.216,0.241,8338.22,0.428
Newmark328,Europe,76.42,0.79,0.833,52043.17,0.852
Northgrad329,Europe,83.79,0.807,0.833,56135.07,0.906
Oldhaven330,Africa,63.45,0.363,0.373,9183.44,0.561
Westvale331,South America,76.21,0.699,0.723,39215.8,0.818
Eastshire332,Asia,75.55,0.605,0.607,33807.47,0.768
Greaterovia333,Africa,61.39,0.413,0.409,11018.89,0.567
Southmark334,South America,60.91,0.413,0.413,19317.34,0.599
Upperwick335,Africa,76.91,0.6,0.641,33385.0,0.758
Southberg336,Asia,75.9,0.735,0.659,40148.02,0.83
Newburg337,Africa,66.55,0.458,0.398,20264.66,0.645
Lowerovia338,Asia,69.13,0.41,0.321,18909.48,0.622
Lowerdale339,Europe,86.16,0.882,0.879,64246.35,0.954
Newfield340,Africa,59.46,0.382,0.333,10057.81,0.553
Oldport341,South America,73.25,0.582,0.654,31715.83,0.747
Greaterstan342,North America,75.63,0.737,0.701,39065.39,0.827
Oldmark343,Asia,67.71,0.574,0.529,25945.84,0.695
Oldstan344,Africa,67.95,0.565,0.573,29119.38,0.706
Oldovia345,North America,85.8,0.834,0.721,53206.64,0.935
Upperstan346,Africa,64.23,0.456,0.415,19433.22,0.62
Newistan347,Asia,77.03,0.688,0.639,30422.41,0.813
Newovia348,Asia,69.4,0.677,0.518,30473.72,0.769
Centralhaven349,North America,77.87,0.805,0.585,48230.03,0.888
Upperovia350,Europe,77.14,0.887,0.7,52270.55,0.892
Centralria351,Africa,65.05,0.497,0.441,18382.06,0.652
Westpolis352,Asia,70.5,0.515,0.432,21623.82,0.692
Northdale353,Africa,82.06,0.785,0.704,42989.05,0.899
Newhaven354,Asia,64.14,0.413,0.472,16058.66,0.592
Southhaven355,Europe,85.68,0.932,0.855,63065.43,0.969
Upperdale356,North America,71.96,0.793,0.651,35649.22,0.835
Oldgrad357,Africa,61.72,0.317,0.198,9735.08,0.521
Uppergrad358,South America,81.89,0.842,0.759,44412.41,0.89
Northwick359,South America,69.92,0.65,0.551,24212.78,0.733
Loweronia360,Africa,63.5,0.526,0.483,14074.12,0.632
Northmark361,South America,71.47,0.588,0.604,21996.44,0.722
Southovia362,Asia,64.95,0.462,0.507,21061.38,0.642
Upperovia363,Africa,73.43,0.705,0.678,36872.55,0.805
Newfield364,North America,78.17,0.728,0.677,51146.51,0.856
Lowerport365,Africa,60.14,0.328,0.238,11705.38,0.544
Newburg366,South America,74.04,0.751,0.766,33776.67,0.807
Greaterford367,Asia,80.31,0.856,0.622,50476.41,0.9
Oldwick368,Africa,59.59,0.273,0.353,10160.76,0.49
Lowerpolis369,Europe,74.84,0.683,0.561,36203.21,0.799
Greatermark370,Africa,62.28,0.349,0.302,7198.76,0.53
Greaterford371,North America,80.6,0.666,0.608,40410.83,0.836
Lowerford372,Africa,49.16,0.232,0.274,8516.28,0.407
Westria373,Asia,71.8,0.634,0.702,29943.48,0.753
Newport374,Africa,64.84,0.532,0.452,15577.95,0.647
Oldton375,Europe,81.56,0.789,0.72,44614.71,0.894
Westgrad376,South America,74.56,0.649,0.704,27736.89,0.777
Centralistan377,Africa,57.12,0.298,0.337,7090.85,0.463
Upperistan378,Africa,66.77,0.39,0.531,16934.97,0.618
Westria379,Europe,78.62,0.753,0.781,42964.08,0.865
Eastmark380,Africa,66.66,0.323,0.408,9705.47,0.551
Greaterovia381,Africa,69.77,0.665,0.497,31730.53,0.757
Weststan382,Oceania,70.09,0.556,0.573,32244.85,0.73
Eastshire383,Africa,70.25,0.556,,25410.09,0.715
Southovia384,Africa,60.75,0.355,0.358,12199.56,0.539
Westistan385,Africa,63.06,0.373,0.446,13571.53,0.563
Oldvale386,Africa,62.4,0.512,0.436,15214.12,0.622
Newfield387,Asia,66.42,0.46,0.438,17593.63,0.644
Westwick388,Asia,75.37,0.706,0.686,39739.8,0.815
Southfield389,Africa,58.13,0.356,0.385,7978.49,0.53
Westpolis390,Africa,68.51,0.517,0.404,13911.76,0.648
Southonia391,Africa,55.25,0.309,0.278,8200.83,0.487
Eaststan392,Africa,63.29,0.279,0.374,11622.66,0.529
Oldlandia393,Asia,78.47,0.811,0.895,51215.93,0.883
Northport394,Africa,62.89,0.369,0.438,14201.2,0.534
Northstan395,Africa,62.08,0.384,0.349,12394.21,0.554
Oldpolis396,North America,71.83,0.625,0.571,30519.87,0.759
Southstan397,Europe,80.13,0.848,0.804,56998.87,0.913
Weststan398,Asia,77.42,0.703,0.743,40911.32,0.837
Greatervale399,Europe,82.72,0.801,0.93,45975.46,0.905
Newford400,Africa,70.1,0.572,0.47,25379.1,0.735
Newhaven401,Africa,64.35,0.563,0.58,22950.94,0.668
Northovia402,Africa,66.68,0.443,0.378,18682.25,0.638
Centralstan403,Asia,76.43,0.707,0.7,36721.67,0.819
Lowerfield404,Europe,70.95,0.607,0.551,30300.12,0.746
Lowergrad405,Oceania,81.68,0.75,0.703,55651.78,0.87
Centralistan406,Asia,69.56,0.619,0.515,31980.2,0.754
Lowershire407,South America,82.44,0.788,0.829,61329.53,0.892
Newhaven408,Africa,61.17,0.477,0.538,14760.74,0.602
Northmark409,Africa,65.37,0.383,0.457,21627.66,0.585
Upperfield410,Africa,65.12,0.397,0.479,15085.51,0.6
Greatershire411,Africa,70.29,0.576,0.417,24623.93,0.713
Eastlandia412,Asia,78.05,0.772,0.589,44895.96,0.855
Upperdale413,Asia,70.06,,0.488,26045.2,0.701
Centralistan414,Asia,55.75,0.278,0.319,6685.82,0.455
Westlandia415,Asia,64.71,0.464,0.454,21707.47,0.647
Centralberg416,Africa,59.37,0.323,0.291,10136.88,0.496
Greaterfield417,Africa,67.24,0.429,0.478,17108.35,0.647
Northford418,Asia,80.64,0.854,0.82,54285.68,0.911
Newpolis419,Asia,77.68,,0.618,41434.92,0.794
Loweronia420,South America,66.0,0.411,0.408,14120.46,0.588
Oldstan421,South America,72.59,0.529,0.55,28251.85,0.697
Eastton422,North America,85.45,0.806,0.941,61034.22,0.927
Eastwick423,Asia,78.64,0.652,0.699,40311.56,0.813
Westwick424,Europe,78.62,0.894,0.778,53450.96,0.908
Centralistan425,Africa,62.7,0.493,0.429,17015.05,0.632
Centralshire426,Africa,75.99,0.643,0.681,30945.6,0.784
Northburg427,Europe,81.32,0.947,0.799,66336.09,0.947
Lowerberg428,Africa,73.27,0.556,0.474,27785.96,0.727
Centralshire429,North America,85.18,0.84,0.754,49596.54,0.92
Oldwick430,North America,80.99,0.99,0.82,61864.31,0.981
Northonia431,Asia,71.41,0.567,0.497,21273.87,0.716
Eastford432,Europe,75.5,0.64,0.777,44577.65,0.796
Newport433,Africa,67.87,0.452,0.521,29761.24,0.642
Westria434,Africa,73.46,0.651,0.703,43772.44,0.783
Westonia435,Asia,71.26,0.511,0.397,20077.25,0.675
Lowerria436,South America,73.46,0.637,0.571,36849.92,0.774
Northdale437,Africa,67.44,0.495,0.396,20513.05,0.655
Eastwick438,Asia,75.16,0.691,0.708,36847.23,0.815
Southstan439,Europe,72.09,0.614,0.598,35733.6,0.753
Southdale440,Asia,82.48,0.781,0.664,46303.65,0.896
Eastdale441,Asia,65.89,0.368,0.416,9654.2,0.555
Eastfield442,Europe,86.21,0.903,0.857,62380.72,0.954
Newhaven443,Asia,58.41,0.464,0.352,11181.0,0.587
Eastovia444,Asia,65.7,0.516,0.521,24887.89,0.679
Oldpolis445,Asia,78.61,0.692,0.594,38300.69,0.818
Eastton446,Asia,72.99,0.601,0.608,29818.98,0.755
Newmark447,Africa,58.82,0.274,0.231,8825.43,0.482
Oldshire448,North America,77.94,0.799,0.772,49133.67,0.853
Oldwick449,Asia,66.57,0.548,0.52,25183.31,0.677
Westovia450,South America,76.61,0.759,0.657,44986.33,0.86
Upperlandia451,South America,77.05,0.605,0.653,31429.69,0.769
Westport452,Africa,68.88,0.395,0.553,16319.11,0.615
Newberg453,Africa,68.63,0.433,0.54,19380.37,0.642
Westton454,Asia,71.03,0.509,0.595,28929.71,0.692
Lowerstan455,Africa,57.68,0.274,0.19,4938.4,0.453
Southton456,Africa,73.18,0.459,0.405,21645.62,0.679
Eastpolis457,Africa,66.27,0.409,0.493,15062.2,0.611
Southria458,Asia,75.74,0.705,0.605,33857.65,0.811
Northmark459,Europe,82.9,0.86,0.719,50189.25,0.913
Southwick460,Africa,69.09,0.536,0.422,25987.26,0.718
Greaterlandia461,Africa,61.24,0.336,0.406,6585.35,0.517
Greaterwick462,South America,78.01,0.776,0.62,44591.58,0.869
Lowershire463,Africa,57.55,0.241,0.254,4814.44,0.421
Centralport464,South America,62.88,0.402,0.368,10892.57,0.561
Lowergrad465,North America,77.14,0.786,0.814,48799.86,0.86
Eaststan466,Africa,62.18,0.393,0.517,11363.76,0.583
Upperria467,Africa,59.15,0.464,0.457,12453.99,0.593
Greaterlandia468,North America,73.24,0.715,0.698,35410.09,0.823
Northpolis469,Asia,73.86,0.599,0.486,25119.89,0.759
Westria470,Asia,75.18,0.676,0.631,34092.2,0.809
Greaterwick471,Asia,68.99,0.582,0.643,28093.84,0.717
Southstan472,Europe,88.0,0.986,0.854,67353.15,0.975
Greateronia473,Asia,58.48,0.257,0.183,6728.62,0.451
Oldpolis474,Asia,63.55,0.33,0.401,12558.52,0.555
Oldmark475,Asia,68.68,0.672,0.596,26636.38,0.736
Westberg476,Asia,66.76,0.504,0.525,24497.77,0.664
Newwick477,Asia,83.02,0.753,0.7,41598.92,0.873
Northmark478,Africa,73.42,0.687,0.532,32200.95,0.794
Olddale479,Asia,62.79,0.557,0.419,21257.7,0.672
Centralmark480,North America,72.0,0.523,0.526,23180.94,0.717
Greaterhaven481,Africa,66.14,0.694,0.509,31907.28,0.752
Oldstan482,Africa,67.47,0.37,0.237,13957.28,0.596
Southdale483,Europe,66.63,0.396,0.37,14781.23,0.596
Lowerford484,South America,75.3,0.684,0.637,28413.17,0.784
Eastria485,South America,69.87,0.625,0.648,27506.65,0.717
Centralport486,Africa,68.09,0.624,0.521,29031.66,0.741
Easthaven487,Africa,60.1,0.479,0.452,16899.45,0.614
Northvale488,Africa,60.64,0.323,0.249,9865.31,0.525
Northmark489,Africa,64.51,0.518,0.482,16615.15,0.652
Upperburg490,Asia,70.44,0.703,0.7,39631.95,0.779
Uppervale491,Africa,62.54,0.362,0.299,9103.22,0.564
Oldwick492,Asia,59.86,0.231,0.298,13291.09,0.475
Olddale493,Africa,65.17,0.361,0.442,8050.56,0.544
Newstan494,North America,72.63,0.738,0.627,34528.75,0.801
Westovia495,Asia,57.55,0.372,0.439,9594.54,0.521
Newdale496,South America,76.84,0.854,0.658,48564.94,0.891
Southonia497,Oceania,77.99,0.595,0.659,40021.5,0.784
Greaterford498,Africa,58.57,0.306,0.323,10655.09,0.491
Southford499,Asia,66.82,0.593,0.524,27144.25,0.716
Easthaven304,South America,67.02,0.557,0.502,19232.31,0.701
Newfield340,Africa,59.46,0.382,0.333,10057.81,0.553
Southmark47,Oceania,65.67,0.476,0.482,17849.19,0.654
Newovia67,Africa,62.77,0.414,0.386,8681.03,0.593
Olddale479,Asia,62.79,0.557,0.419,21257.7,0.672
